Variant,MAE,RMSE,N
Baseline,0.12573496019441038,0.16157297378539762,6399
Thermal,0.08954350178503598,0.12592413012541012,6399
T+Rate,0.01074175872593446,0.035761850874921654,6399
